hex_id,Province,District,DS,Name,Amenity,geometry,Category,user_id
886100491dfffff,Southern,Hambantota,Tangalle,Cargills Food City - Tangalle,Supermarket,POINT (80.7946316 6.0257603),Cargills Food City,
8861029193fffff,Southern,Hambantota,Ambalantota,Cargills Food City - Ambalantota,Supermarket,POINT (81.01867 6.1222268),Cargills Food City,
8861112747fffff,North Western,Kurunegala,Ibbagamuwa,Cargills Food City Express - Melsiripura,Supermarket,POINT (80.5051478 7.6378926),Cargills Food City,
88611c50e5fffff,North Western,Kurunegala,Wariyapola,Cargills Food City - Wariyapola,Grocery store,POINT (80.247931 7.6180423),Cargills Food City,
886100491dfffff,Southern,Hambantota,Tangalle,Cargills Food City Tangalle 02,Supermarket,POINT (80.7952083 6.0278627),Cargills Food City,
8861112485fffff,North Western,Kurunegala,Ganewatta,Cargills Food City Express - Hiripitiya,Grocery store,POINT (80.3708267 7.65491),Cargills Food City,
88610049b9fffff,Southern,Hambantota,Beliatta,Cargills Food City (Express) - Beliatta,Supermarket,POINT (80.7357453 6.0464064),Cargills Food City,
88611cc961fffff,North Western,Kurunegala,Ibbagamuwa,Cargills Food City Express - Ibbagamuwa,Supermarket,POINT (80.4497695 7.5476981),Cargills Food City,
88610284e3fffff,Southern,Hambantota,Weeraketiya,Cargills Food City (Express) - Weeraketiya,Grocery store,POINT (80.7624943 6.1484725),Cargills Food City,
88610280d1fffff,Southern,Hambantota,Angunakolapelessa,Cargills Food City (Express) - Angunukolapelessa,Supermarket,POINT (80.8973957 6.1663045),Cargills Food City,
88611cb025fffff,Western,Colombo,Thimbirigasyaya,Cargills Food City - Duplication Road,Supermarket,POINT (79.8545389 6.9024028),Cargills Food City,
886102bb6bfffff,Southern,Hambantota,Katuwana,Cargills Food City (Express) - Middeniya,Supermarket,POINT (80.7643292 6.2491164),Cargills Food City,
88611121e7fffff,Central,Matale,Galewela,Cargills Food City - Galewela,Supermarket,POINT (80.5709892 7.7593454),Cargills Food City,
88611cc8edfffff,North Western,Kurunegala,Kurunegala,Cargills Food City - Kurunegala 02,Supermarket,POINT (80.3663655 7.4926483),Cargills Food City,
88611cc8e9fffff,North Western,Kurunegala,Kurunegala,Cargills Food City - Kurunegala 1,Supermarket,POINT (80.3606378 7.4884909),Cargills Food City,
886102b10dfffff,Southern,Hambantota,Walasmulla,Cargills Food City (Express) - Walasmulla,Grocery store,POINT (80.6974639 6.1503734),Cargills Food City,
88611cc961fffff,North Western,Kurunegala,Ibbagamuwa,Cargills Food City Express-2 Ibbagamuwa,Grocery store,POINT (80.445603 7.542539),Cargills Food City,
8861004f25fffff,Southern,Matara,Dikwella,Cargills Food City - Dickwella,Supermarket,POINT (80.6957727 5.9646906),Cargills Food City,
88611cc819fffff,North Western,Kurunegala,Kurunegala,Cargills Food City - Kurunegala 4,Supermarket,POINT (80.378989 7.4763179),Cargills Food City,
88611c8687fffff,Western,Colombo,Kaduwela,Cargills Food City - Hokandara 1,Supermarket,POINT (79.9592263 6.8779168),Cargills Food City,
886102b057fffff,Southern,Matara,Hakmana,Cargills Food City - Hakmana,Grocery store,POINT (80.6469843 6.0827767),Cargills Food City,
88611e862dfffff,North Western,Kurunegala,Galgamuwa,Cargills Food City (Express) - Galgamuwa,Supermarket,POINT (80.2700708 7.9956018),Cargills Food City,
886102916bfffff,Southern,Hambantota,Hambantota,Cargills Food City - Hambanthota,Supermarket,POINT (81.1258669 6.1283566),Cargills Food City,
88611cb13dfffff,Western,Colombo,Colombo,Cargills Food City - Aluthkade,Grocery store,POINT (79.8647904 6.9401235),Cargills Food City,
88611cb331fffff,Western,Colombo,Sri Jayawardanapura Kotte,Cargills Food City - Nawala,Supermarket,POINT (79.8875809 6.8880086),Cargills Food City,
88610079b5fffff,Southern,Matara,Weligama,Cargills Food City,Grocery store,POINT (80.4322157 5.9732912),Cargills Food City,
8861004c83fffff,Southern,Matara,Matara Four Gravets,Cargills Food City - Matara 2,Supermarket,POINT (80.5543934 5.9430934),Cargills Food City,
88611cbacdfffff,Western,Colombo,Colombo,Cargills Food City - Bloemendhal,Supermarket,POINT (79.8680469 6.9612532),Cargills Food City,
8861004ce1fffff,Southern,Matara,Matara Four Gravets,Cargills Food City (Express) - Kumbalgama,Grocery store,POINT (80.5831283 5.9476958),Cargills Food City,
88611cb151fffff,Western,Colombo,Thimbirigasyaya,Cargills Food City - Torrington Square,Grocery store,POINT (79.8687399 6.90182),Cargills Food City,
8861131603fffff,Eastern,Trincomalee,Town & Gravets,Cargills Food City - Trincomalee,Supermarket,POINT (81.2280843 8.5775698),Cargills Food City,
88611cb029fffff,Western,Colombo,Thimbirigasyaya,Cargills Food City - Jaya Road,Supermarket,POINT (79.8549241 6.88653),Cargills Food City,
8861ad9941fffff,Northern,Mullaitivu,Maritimepattu,Cargills Food City Express,Grocery store,POINT (80.8164804 9.2676469),Cargills Food City,
88611cb11bfffff,Western,Colombo,Thimbirigasyaya,Cargills Food City - Kollupitiya 2,Supermarket,POINT (79.8504303 6.9097406),Cargills Food City,
88611c066bfffff,Western,Gampaha,Negombo,Cargills Food City (Express) - Lewis Place,Supermarket,POINT (79.8422552 7.2445635),Cargills Food City,
88611cb117fffff,Western,Colombo,Colombo,Cargills Food City - Kompannavidiya,Grocery store,POINT (79.8494609 6.9255871),Cargills Food City,
88611cb143fffff,Western,Colombo,Thimbirigasyaya,Cargills Food City - Cotta Road,Supermarket,POINT (79.8866667 6.9113889),Cargills Food City,
8861ad1461fffff,Northern,Kilinochchi,Karachchi,Cargills Food City - Kilinochchi,Grocery store,POINT (80.4082787 9.4061536),Cargills Food City,
88611cb223fffff,Western,Colombo,Ratmalana,Cargills Food City - Mt.Lavinia 2,Supermarket,POINT (79.8659421 6.8443411),Cargills Food City,
88611cb317fffff,Western,Colombo,Thimbirigasyaya,Cargills Food City - Nugegoda 1,Supermarket,POINT (79.8808714 6.8755806),Cargills Food City,
88611cb11dfffff,Western,Colombo,Colombo,Cargills Food City Express On 320,Supermarket,POINT (79.8592112 6.9192031),Cargills Food City,
88611cb119fffff,Western,Colombo,Thimbirigasyaya,Cargills Food City - Ananda Coomarasamy Mw,Grocery store,POINT (79.8547286 6.9116616),Cargills Food City,
88611160c1fffff,North Central,Anuradhapura,Palugaswewa,Cargills Food City Express - Habarana,Supermarket,POINT (80.7548838 8.0390365),Cargills Food City,
88611e9a39fffff,North Central,Anuradhapura,Ipalogama,Cargills Food City - Ipalogama (Ranajayapura),Supermarket,POINT (80.546471 8.0719177),Cargills Food City,
88611164a5fffff,North Central,Anuradhapura,Kekirawa,Cargills Food City Express Kakirawa,Supermarket,POINT (80.5967371 8.0405061),Cargills Food City,
886111295dfffff,Central,Matale,Dambulla,Cargills Food City - Dambulla 1,Supermarket,POINT (80.6503372 7.8782096),Cargills Food City,
8861112959fffff,Central,Matale,Dambulla,Cargills Food City - Dambulla 2,Supermarket,POINT (80.6487002 7.8710883),Cargills Food City,
886111745dfffff,Central,Matale,Dambulla,Cargills Food City Express,Supermarket,POINT (80.771797 7.873054),Cargills Food City,
88611e8e25fffff,North Central,Anuradhapura,Thambuththegama,Cargills Food City Express - Thambuttegama,Supermarket,POINT (80.2981449 8.1586111),Cargills Food City,
88610348d5fffff,Western,Kalutara,Panadura,Cargills Food City - Keselwatta,Grocery store,POINT (79.9002171 6.7499492),Cargills Food City,
88610348b5fffff,Western,Colombo,Moratuwa,Cargills Food City - Rawatawatte,Supermarket,POINT (79.88658 6.7911068),Cargills Food City,
8861034025fffff,Western,Kalutara,Kalutara,Cargills Food City (Express) - Pothupitiya,Grocery store,POINT (79.9402279 6.6363531),Cargills Food City,
8861034263fffff,Western,Kalutara,Kalutara,Cargills Food City- katukurunda 1,Supermarket,POINT (79.9692857 6.5615699),Cargills Food City,
8861034229fffff,Western,Kalutara,Kalutara,Cargills Food City - Wettumakada,Supermarket,POINT (79.9670202 6.5682435),Cargills Food City,
8861034117fffff,Western,Kalutara,Panadura,Cargills Food City Wadduwa 02,Supermarket,POINT (79.9326767 6.6607587),Cargills Food City,
8861034225fffff,Western,Kalutara,Kalutara,Cargills Food City - Kaluthara South,Supermarket,POINT (79.9616704 6.5804278),Cargills Food City,
88610348ddfffff,Western,Kalutara,Panadura,Cargills Food City Pallimulla,Supermarket,POINT (79.9024805 6.7417595),Cargills Food City,
8861034313fffff,Western,Kalutara,Kalutara,Cargills Food City Kalutara North,Supermarket,POINT (79.9565343 6.5999423),Cargills Food City,
8861034895fffff,Western,Colombo,Moratuwa,Cargills Food City Express - Moratuwella,Supermarket,POINT (79.8834791 6.7675445),Cargills Food City,
88610348bbfffff,Western,Colombo,Moratuwa,Cargills Food City Moratuwa,Grocery store,POINT (79.883907 6.7749242),Cargills Food City,
88610341edfffff,Western,Kalutara,Panadura,Cargills Food City - Wadduwa 1,Supermarket,POINT (79.9297059 6.6658862),Cargills Food City,
8861034abbfffff,Western,Kalutara,Panadura,Cargills Food City - Panadura 1,Grocery store,POINT (79.9077578 6.7196794),Cargills Food City,
88610348a3fffff,Western,Colombo,Moratuwa,Cargills Food City Express - Moratumulla,Supermarket,POINT (79.8956191 6.7880835),Cargills Food City,
8861034a99fffff,Western,Kalutara,Panadura,Cargills Food City Express - Nalluruwa,Supermarket,POINT (79.9143967 6.6944791),Cargills Food City,
8861034823fffff,Western,Colombo,Kesbewa,Cargills Food City - Polgasowita,Grocery store,POINT (79.959793 6.7881808),Cargills Food City,
8861034aebfffff,Western,Kalutara,Bandaragama,Cargills Food City Express - Kurusa Handiya,Supermarket,POINT (79.9473451 6.706638),Cargills Food City,
8861034a01fffff,Western,Kalutara,Bandaragama,Cargills Food City - Bandaragama 01,Supermarket,POINT (79.9880927 6.7133627),Cargills Food City,
8861035185fffff,Western,Kalutara,Dodangoda,Cargills Food City Express,Supermarket,POINT (80.0224879 6.5546403),Cargills Food City,
8861034a65fffff,Western,Kalutara,Bandaragama,Cargills Food City Express - Raigama,Supermarket,POINT (80.0161848 6.7213546),Cargills Food City,
8861034b03fffff,Western,Kalutara,Horana,Cargills Food City Express - Gonapola,Supermarket,POINT (80.0130758 6.7631861),Cargills Food City,
8861034265fffff,Western,Kalutara,Kalutara,Cargills Food City Express Kalutara Central,Supermarket,POINT (79.9815061 6.5617248),Cargills Food City,
8861138e93fffff,Eastern,Trincomalee,Muthur,Cargills Food City (Express) - Mutur,Supermarket,POINT (81.2609084 8.4559396),Cargills Food City,
8861102663fffff,Eastern,Batticaloa,Koralai Pattu,Cargills Food City - Valaichchenai,Grocery store,POINT (81.5297995 7.9256045),Cargills Food City,
886110aeabfffff,Eastern,Batticaloa,Manmunai North,Cargills Food City. - Batticaloa 1,Supermarket,POINT (81.6947583 7.7141885),Cargills Food City,
88611cb111fffff,Western,Colombo,Colombo,Cargills Food City - Staple Street,Supermarket,POINT (79.855804 6.9202229),Cargills Food City,
8861034a07fffff,Western,Kalutara,Bandaragama,Cargills Food City - Bandaragama 2,Grocery store,POINT (79.9865155 6.7126923),Cargills Food City,
8861034331fffff,Western,Kalutara,Kalutara,Cargills Food City Uggalboda,Store,POINT (79.9674066 6.6196185),Cargills Food City,
8861150043fffff,Eastern,Ampara,Pottuvil,Cargills Food City - Pottuvil,Supermarket,POINT (81.8299428 6.8753963),Cargills Food City,
88611ec68bfffff,North Central,Anuradhapura,Nuwaragam Palatha East,Cargills Food City - Anuradhapura 1,Supermarket,POINT (80.4091268 8.3316899),Cargills Food City,
88611ec683fffff,North Central,Anuradhapura,Nuwaragam Palatha East,Cargills Food City - Anuradhapura 2,Supermarket,POINT (80.4111899 8.3401946),Cargills Food City,
88611e1759fffff,North Central,Anuradhapura,Nochchiyagama,Cargills Food City Express -Habarana,Supermarket,POINT (80.2087052 8.2630075),Cargills Food City,
886102c901fffff,Uva,Monaragala,Buttala,Cargills Food City (Express) - Buttala,Supermarket,POINT (81.2463839 6.7601416),Cargills Food City,
886102d225fffff,Uva,Monaragala,Katharagama,Cargills Food City (Express) - Kataragama,Supermarket,POINT (81.3317708 6.4156704),Cargills Food City,
886111bb55fffff,Uva,Badulla,Mahiyanganaya,Cargills Food City - Mahiyanganaya,Supermarket,POINT (80.9935897 7.3410759),Cargills Food City,
886102cd29fffff,Uva,Monaragala,Wellawaya,Cargills Food City - Wellawaya,Supermarket,POINT (81.1019688 6.731289),Cargills Food City,
8861027b57fffff,Central,Nuwara Eliya,Nuwara Eliya,Cargills Food City - Nuwaraeliya,Supermarket,POINT (80.7657216 6.9760158),Cargills Food City,
8861025563fffff,Uva,Badulla,Bandarawela,Cargills Food City - Bandarawela 1,Supermarket,POINT (80.9885619 6.8310001),Cargills Food City,
88611c694bfffff,North Western,Puttalam,Mundel,Cargills Food City,Grocery store,POINT (79.8235254 7.9102309),Cargills Food City,
88611c7765fffff,North Western,Puttalam,Chilaw,Cargills Food City - Chilaw 1,Supermarket,POINT (79.7939349 7.5786803),Cargills Food City,
88611c4d87fffff,North Western,Puttalam,Anamaduwa,Cargills Food City Express Anamaduwa,Supermarket,POINT (80.0095509 7.8792577),Cargills Food City,
88611c7765fffff,North Western,Puttalam,Chilaw,Cargills Food City - Chilaw 3,Grocery store,POINT (79.7965802 7.5826745),Cargills Food City,
88611c776dfffff,North Western,Puttalam,Chilaw,Cargills Food City - Chilaw 2,Supermarket,POINT (79.7989804 7.5689504),Cargills Food City,
88611ea44dfffff,North Western,Puttalam,Puttalam,Cargills Food City - Puttalam,Supermarket,POINT (79.8376922 8.027173),Cargills Food City,
88611cbb15fffff,Western,Gampaha,Ja Ela,Cargills Food City - Ragama 1,Supermarket,POINT (79.9237499 7.0276863),Cargills Food City,
88611cb303fffff,Western,Colombo,Sri Jayawardanapura Kotte,Cargills Food City - Stanley Tillekarathne Mawatha,Supermarket,POINT (79.8962574 6.8747371),Cargills Food City,
88611cb365fffff,Western,Colombo,Kaduwela,Cargills Food City - Pelawatte,Supermarket,POINT (79.9304007 6.8880308),Cargills Food City,
88611cb307fffff,Western,Colombo,Sri Jayawardanapura Kotte,Cargills Food City - Pitakotte 1,Supermarket,POINT (79.9015364 6.8827114),Cargills Food City,
88611cbb17fffff,Western,Gampaha,Wattala,Cargills Food City - Ragama 2,Supermarket,POINT (79.9157834 7.0286092),Cargills Food City,
88611c8697fffff,Western,Colombo,Maharagama,Cargills Food City - Thalawathugoda,Supermarket,POINT (79.937962 6.8735042),Cargills Food City,
88611cb327fffff,Western,Colombo,Sri Jayawardanapura Kotte,Cargills Food City - Ethul Kotte,Supermarket,POINT (79.9059015 6.9012763),Cargills Food City,
88611cbb49fffff,Western,Gampaha,Mahara,Cargills Food City - Kadawatha,Supermarket,POINT (79.9560229 7.0032007),Cargills Food City,
88611c8411fffff,Western,Colombo,Kaduwela,Cargills Food City - Welivita,Supermarket,POINT (79.972061 6.914682),Cargills Food City,
88611cbb4bfffff,Western,Gampaha,Mahara,Cargills Food City - Kadawatha 3,Supermarket,POINT (79.9508474 7.0035783),Cargills Food City,
88610349b3fffff,Western,Colombo,Kesbewa,Cargills Food City,Grocery store,POINT (79.9067499 6.8329309),Cargills Food City,
88611cb14dfffff,Western,Colombo,Sri Jayawardanapura Kotte,Cargills Food City – Rajagiriya 02,Supermarket,POINT (79.8993481 6.9083233),Cargills Food City,
88611c84d3fffff,Western,Colombo,Kaduwela,Cargills Food City - Battaramulla,Supermarket,POINT (79.9177761 6.9018285),Cargills Food City,
88611cb349fffff,Western,Colombo,Maharagama,Cargills Food City - Maharagama 1,Supermarket,POINT (79.9265791 6.8453147),Cargills Food City,
88611cb867fffff,Western,Gampaha,Ja Ela,Cargills Food City- Kandana,Supermarket,POINT (79.8958736 7.0494633),Cargills Food City,
88611cb307fffff,Western,Colombo,Sri Jayawardanapura Kotte,Cargills Food City - Pitakotte 2,Supermarket,POINT (79.9001061 6.8839639),Cargills Food City,
88611c8343fffff,Western,Colombo,Seethawaka,Cargills Food City - Avissawella 1,Supermarket,POINT (80.2137488 6.9503517),Cargills Food City,
88611cb307fffff,Western,Colombo,Sri Jayawardanapura Kotte,Cargills Food City - Mirihana,Supermarket,POINT (79.9008622 6.8749604),Cargills Food City,
88611cb303fffff,Western,Colombo,Sri Jayawardanapura Kotte,Cargills Food City - Kattiya Junction,Supermarket,POINT (79.8984586 6.8688994),Cargills Food City,
8861066c69fffff,Southern,Hambantota,Thissamaharama,Cargills Food City - Tissamaharama,Supermarket,POINT (81.2855377 6.278584),Cargills Food City,
8861066c0dfffff,Southern,Hambantota,Thissamaharama,Cargills Food City (Express) - Debarawewa,Store,POINT (81.2659037 6.2798651),Cargills Food City,
886103c0b9fffff,Southern,Galle,Ambalangoda,Cargills Food City,Supermarket,POINT (80.0536425 6.240557),Cargills Food City,
88611cb157fffff,Western,Colombo,Thimbirigasyaya,Cargills Food City Express,Supermarket,POINT (79.86499 6.9114533),Cargills Food City,
88611cb15bfffff,Western,Colombo,Thimbirigasyaya,Cargills Food City - Thimbirigasyaya,Supermarket,POINT (79.8665045 6.8909812),Cargills Food City,
88611cb15bfffff,Western,Colombo,Thimbirigasyaya,Cargills Food City - Jawatta,Supermarket,POINT (79.8667069 6.8949964),Cargills Food City,
88611cb067fffff,Western,Colombo,Thimbirigasyaya,Cargills Food City - Dickman's Road,Supermarket,POINT (79.8588715 6.8867474),Cargills Food City,
88611cb025fffff,Western,Colombo,Thimbirigasyaya,Cargills Food City - Kollupitiya,Supermarket,POINT (79.8526367 6.9028007),Cargills Food City,
88611cb041fffff,Western,Colombo,Dehiwala,Cargills Food City - Dehiwala,Grocery store,POINT (79.8646893 6.8589452),Cargills Food City,
88611cb02dfffff,Western,Colombo,Thimbirigasyaya,Cargills Food City - Majestic City,Supermarket,POINT (79.8546195 6.8940731),Cargills Food City,
88611cb12bfffff,Western,Colombo,Colombo,Cargills Food City - Maligawatta,Supermarket,POINT (79.8747583 6.9386902),Cargills Food City,
88611cb06bfffff,Western,Colombo,Thimbirigasyaya,Cargills Food City - Wellawatta,Supermarket,POINT (79.861873 6.8711259),Cargills Food City,
88611cb163fffff,Western,Colombo,Kolonnawa,Cargills Food City - Kolonnawa,Supermarket,POINT (79.8919523 6.9325774),Cargills Food City,
88611cb23dfffff,Western,Colombo,Ratmalana,Cargills Food City – Mount Lavinia,Supermarket,POINT (79.8672939 6.8372218),Cargills Food City,
88611cb141fffff,Western,Colombo,Sri Jayawardanapura Kotte,Cargills Food City (Express) - Rajagiriya,Supermarket,POINT (79.8942646 6.9101066),Cargills Food City,
88611cb061fffff,Western,Colombo,Thimbirigasyaya,Cargills Food City - Pamankada,Supermarket,POINT (79.8680957 6.877097),Cargills Food City,
88611cba3bfffff,Western,Gampaha,Wattala,Cargills Food City - Wattala 1,Supermarket,POINT (79.8885119 6.9849053),Cargills Food City,
88611cb103fffff,Western,Colombo,Colombo,Cargills Food City - Norris Canal,Supermarket,POINT (79.8659984 6.9223969),Cargills Food City,
88611cb139fffff,Western,Colombo,Colombo,Cargills Food City Express - Maradana,Supermarket,POINT (79.8624312 6.930624),Cargills Food City,
88611cb10bfffff,Western,Colombo,Thimbirigasyaya,Cargills Food City - Ward Place,Supermarket,POINT (79.8701693 6.9160121),Cargills Food City,
88611cb065fffff,Western,Colombo,Thimbirigasyaya,Cargills Food City - Colombo 05,Supermarket,POINT (79.8729997 6.8878131),Cargills Food City,
8861ad2ac3fffff,Northern,Jaffna,Jaffna,Cargills Food City - Jaffna,Supermarket,POINT (80.0137285 9.6652238),Cargills Food City,
88611cb311fffff,Western,Colombo,Dehiwala,Cargills Food City - Kohuwala,Supermarket,POINT (79.8838164 6.8667714),Cargills Food City,
88611c8459fffff,Western,Colombo,Kaduwela,"Cargills Food City, Millennium City, Athurugiriya",Supermarket,POINT (79.9952611 6.8885679),Cargills Food City,
8861034995fffff,Western,Colombo,Kesbewa,Cargills Food City,Supermarket,POINT (79.9180511 6.8184199),Cargills Food City,
88611cb343fffff,Western,Colombo,Maharagama,Cargills Food City Wijerama 02,Supermarket,POINT (79.9100705 6.8571459),Cargills Food City,
88611cb135fffff,Western,Colombo,Colombo,Cargills Food City - Kotahena,Supermarket,POINT (79.859476 6.9486466),Cargills Food City,
8861025561fffff,Uva,Badulla,Bandarawela,Cargills Food City - Bandarawela 2,Supermarket,POINT (80.9941178 6.8298077),Cargills Food City,
88611cb207fffff,Western,Colombo,Ratmalana,Cargills Food City - Mount Lavinia,Supermarket,POINT (79.8691234 6.8276127),Cargills Food City,
8861025565fffff,Uva,Badulla,Bandarawela,Cargills Food City - Bandarawela 3,Supermarket,POINT (81.004211 6.8414476),Cargills Food City,
88611cb227fffff,Western,Colombo,Dehiwala,Cargills Food City - Karagampitiya,Supermarket,POINT (79.8731304 6.8499428),Cargills Food City,
88611cb347fffff,Western,Colombo,Maharagama,Cargills Food City - Udahamulla,Supermarket,POINT (79.913392 6.8623436),Cargills Food City,
88611cb103fffff,Western,Colombo,Colombo,Cargills Food City - Maradana,Supermarket,POINT (79.8671058 6.925762),Cargills Food City,
8861034989fffff,Western,Colombo,Kesbewa,Cargills Food City Express - Makuluduwa,Supermarket,POINT (79.9359634 6.8138371),Cargills Food City,
88611cb067fffff,Western,Colombo,Thimbirigasyaya,Cargills Food City Express - Havelock City,Supermarket,POINT (79.864129 6.8859117),Cargills Food City,
88611cb30bfffff,Western,Colombo,Sri Jayawardanapura Kotte,Cargills Food City - Gamsabha junction,Supermarket,POINT (79.8972014 6.8646343),Cargills Food City,
88611c84d7fffff,Western,Colombo,Kaduwela,"Cargills Food City - Koswatta 2, කාර්ගිල්ස් - කොස්වත්ත",Supermarket,POINT (79.9300057 6.9070808),Cargills Food City,
88611c8491fffff,Western,Colombo,Kaduwela,Cargills Food City - Kalapaluwawa,Supermarket,POINT (79.9101103 6.9140537),Cargills Food City,
88611cba61fffff,Western,Gampaha,Kelaniya,Cargills Food City - Kiribathgoda 1,Supermarket,POINT (79.9311711 6.982238),Cargills Food City,
88611cb069fffff,Western,Colombo,Thimbirigasyaya,Cargills Food City - Saranankara Rd.,Grocery store,POINT (79.8710428 6.8730999),Cargills Food City,
88611cb103fffff,Western,Colombo,Colombo,Cargills Food City Express - Deans Road,Supermarket,POINT (79.8649429 6.9245799),Cargills Food City,
88611cb319fffff,Western,Colombo,Kesbewa,Cargills Food City - Papiliyana 1,Supermarket,POINT (79.8903418 6.8589655),Cargills Food City,
8861034937fffff,Western,Colombo,Maharagama,Cargills Food City - Kottawa 1,Supermarket,POINT (79.9670005 6.8407172),Cargills Food City,
88610349abfffff,Western,Colombo,Kesbewa,Cargills Food City - Arawwala,Supermarket,POINT (79.9348853 6.8304258),Cargills Food City,
88611c8699fffff,Western,Colombo,Maharagama,Cargills Food City - Depanama,Supermarket,POINT (79.9456152 6.8548652),Cargills Food City,
88611cb247fffff,Western,Colombo,Ratmalana,Cargills Food City - Borupana,Supermarket,POINT (79.8889397 6.813288),Cargills Food City,
88611c84d3fffff,Western,Colombo,Kaduwela,Cargills Food City - Pelawatta 02,Supermarket,POINT (79.9219715 6.8993209),Cargills Food City,
88611cb221fffff,Western,Colombo,Dehiwala,Cargills Food City,Supermarket,POINT (79.8754858 6.843439),Cargills Food City,
88611146d5fffff,North Central,Polonnaruwa,Thamankaduwa,Cargills Food City - Kaduruwela,Supermarket,POINT (81.0341847 7.9281911),Cargills Food City,
88611cb22dfffff,Western,Colombo,Ratmalana,Cargills Food City - Attidiya,Supermarket,POINT (79.8846341 6.8391599),Cargills Food City,
8861114697fffff,North Central,Polonnaruwa,Thamankaduwa,Cargills Food City - Polonnaruwa,Supermarket,POINT (81.0122455 7.9425136),Cargills Food City,
88611c8431fffff,Western,Colombo,Kaduwela,Cargills Food City - Kaduwela 1,Supermarket,POINT (79.9799608 6.9369029),Cargills Food City,
88611cb157fffff,Western,Colombo,Thimbirigasyaya,Cargills Food City Express - Wijerama Mawatha,Supermarket,POINT (79.8707781 6.9121849),Cargills Food City,
88611c84bbfffff,Western,Colombo,Kolonnawa,Cargills Food City - Kotikawatta,Supermarket,POINT (79.9164694 6.9346362),Cargills Food City,
88611cb225fffff,Western,Colombo,Dehiwala,Cargills Food City Express,Supermarket,POINT (79.8830274 6.8524334),Cargills Food City,
886111a0c1fffff,Central,Kandy,Kundasale,Cargills Food City Express - Digana,Supermarket,POINT (80.7344557 7.295006),Cargills Food City,
886111b711fffff,Central,Nuwara Eliya,Hanguranketa,Cargills Food City express Rikillagaskada,Supermarket,POINT (80.7852471 7.1451675),Cargills Food City,
886111a015fffff,Central,Kandy,Medadumbara,Cargills Food City Express - Theldeniya,Grocery store,POINT (80.7628878 7.3119462),Cargills Food City,
886111a095fffff,Central,Kandy,Kundasale,Cargills Food City Express - Manikhinna,Supermarket,POINT (80.7006454 7.3164178),Cargills Food City,
886111a731fffff,Central,Kandy,Kundasale,Cargills Food City - Kundasale,Supermarket,POINT (80.6740597 7.2802929),Cargills Food City,
886111a73bfffff,Central,Kandy,Gangawata Korale,Cargills Food City - Ampitiya,Supermarket,POINT (80.6648328 7.2690783),Cargills Food City,
886111ae57fffff,Central,Kandy,Pathadumbara,Cargills Food City Express - Wattegama,Supermarket,POINT (80.6825369 7.3520179),Cargills Food City,
886111a557fffff,Central,Kandy,Gangawata Korale,Cargills Food City - Lewella,Supermarket,POINT (80.6506767 7.2989123),Cargills Food City,
886111a425fffff,Central,Kandy,Gangawata Korale,Cargills Food City - Kandy,Supermarket,POINT (80.6371057 7.2928776),Cargills Food City,
886111a513fffff,Central,Kandy,Gangawata Korale,Cargills Food City - Katugastota - 1,Supermarket,POINT (80.6316182 7.3142203),Cargills Food City,
886102698dfffff,Central,Kandy,Udapalatha,Cargills Food City - Gampola 2,Grocery store,POINT (80.5747229 7.1649139),Cargills Food City,
886111a5e9fffff,Central,Kandy,Gangawata Korale,Cargills Food City - Katugastota 2,Supermarket,POINT (80.6275089 7.3212616),Cargills Food City,
886111ae95fffff,Central,Kandy,Akurana,Cargills Food City - Akurana,Supermarket,POINT (80.6173431 7.3693372),Cargills Food City,
886111ae93fffff,Central,Kandy,Poojapitiya,Cargills Food City,Supermarket,POINT (80.6042434 7.3654715),Cargills Food City,
88611cb357fffff,Western,Colombo,Kesbewa,Cargills Food City - Pepiliyana 02,Grocery store,POINT (79.8915573 6.8552568),Cargills Food City,
88611cb15dfffff,Western,Colombo,Thimbirigasyaya,Cargills Food City - Trillium Residencies,Supermarket,POINT (79.8781829 6.9038765),Cargills Food City,
88611cb02dfffff,Western,Colombo,Thimbirigasyaya,Cargills Food City - Bauddhaloka Mawatha,Grocery store,POINT (79.8582368 6.8962396),Cargills Food City,
88611cb30bfffff,Western,Colombo,Sri Jayawardanapura Kotte,Cargills Food City Delkanda,Supermarket,POINT (79.8969263 6.8647888),Cargills Food City,
88611cb841fffff,Western,Gampaha,Wattala,Cargills Food City - Welisara 2,Supermarket,POINT (79.8976287 7.012471),Cargills Food City,
88611c8681fffff,Western,Colombo,Kaduwela,Cargills Food City Pannipitiya,Supermarket,POINT (79.9595075 6.8668579),Cargills Food City,
88611c9001fffff,Sabaragamuwa,Ratnapura,Eheliyagoda,Cargills Food City -Eheliyagoda,Supermarket,POINT (80.2609791 6.854194),Cargills Food City,
88611c843dfffff,Western,Colombo,Kaduwela,Cargills Food City - Bandarawatte,Supermarket,POINT (79.9869668 6.9393214),Cargills Food City,
88611cba11fffff,Western,Gampaha,Kelaniya,Cargills Food City - Peliyagoda,Supermarket,POINT (79.8841084 6.9684076),Cargills Food City,
88611c86a1fffff,Western,Colombo,Kaduwela,Cargills Food City Express,Supermarket,POINT (79.9645487 6.8911578),Cargills Food City,
88611cb12bfffff,Western,Colombo,Colombo,Cargills Food City Express - Ascon Residence,Supermarket,POINT (79.878569 6.9379638),Cargills Food City,
88611cba47fffff,Western,Gampaha,Kelaniya,Cargills Food City - Kelaniya 2,Supermarket,POINT (79.9150396 6.9666738),Cargills Food City,
88611c84c9fffff,Western,Colombo,Kaduwela,Cargills Food City,Supermarket,POINT (79.9567926 6.9035185),Cargills Food City,
88611cba13fffff,Western,Colombo,Colombo,Cargills Food City - Mattakkuliya,Supermarket,POINT (79.8744583 6.9712081),Cargills Food City,
88611c84c3fffff,Western,Colombo,Kaduwela,Cargills Food City - Thalahena,Supermarket,POINT (79.9457465 6.9072858),Cargills Food City,
88611cb107fffff,Western,Colombo,Colombo,Cargills Food City Express - Maligawatta,Supermarket,POINT (79.8674354 6.9347092),Cargills Food City,
88611c86b9fffff,Western,Colombo,Kaduwela,Cargills Food City - Hokandara 2,Supermarket,POINT (79.9492921 6.8805301),Cargills Food City,
88611c8431fffff,Western,Colombo,Kaduwela,Cargills Food City - Kaduwela 2,Supermarket,POINT (79.9772464 6.9378507),Cargills Food City,
8861ad2ac7fffff,Northern,Jaffna,Jaffna,Cargills Food City - Jaffna,Supermarket,POINT (80.0115901 9.6711487),Cargills Food City,
8861ad2807fffff,Northern,Jaffna,Valikamam South (Uduvil),Cargills Food City - Chunnakam,Supermarket,POINT (80.0274205 9.7434617),Cargills Food City,
886115633dfffff,Eastern,Ampara,Ampara,Cargills Food City - Ampara,Supermarket,POINT (81.6753017 7.2914037),Cargills Food City,
8861ad28c5fffff,Northern,Jaffna,Valikamam South West (Sandilipay),Cargills Food City - Manipay,Supermarket,POINT (79.9973669 9.7232349),Cargills Food City,
8861ad2859fffff,Northern,Jaffna,Nallur,Cargills Food City (Express) - Kondavil,Supermarket,POINT (80.0354029 9.70218),Cargills Food City,
88611545dbfffff,Eastern,Ampara,Addalaichenai,Cargills Food City - Akkareipattu,Supermarket,POINT (81.8509665 7.2312716),Cargills Food City,
8861157957fffff,Eastern,Ampara,Sammanthurai,Cargills Food City Samanthurai,Supermarket,POINT (81.7977421 7.3633212),Cargills Food City,
88611cb315fffff,Western,Colombo,Dehiwala,Cargills Food City - Nugegoda 2,Grocery store,POINT (79.8903625 6.8725261),Cargills Food City,
8861157b25fffff,Eastern,Ampara,Nintavur,Cargills Food City Express - Nintavur,Supermarket,POINT (81.8438178 7.3543424),Cargills Food City,
886110b659fffff,Eastern,Ampara,Sainthamaruthu,Cargills Food City Kalmunai,Supermarket,POINT (81.8327902 7.3984296),Cargills Food City,
886103493bfffff,Western,Colombo,Homagama,Cargills Food City Express -Mattegoda,Supermarket,POINT (79.9701519 6.8191934),Cargills Food City,
88611cb349fffff,Western,Colombo,Maharagama,Cargills Food City - Maharagama 2,Supermarket,POINT (79.9230755 6.8497501),Cargills Food City,
88611cb14bfffff,Western,Colombo,Sri Jayawardanapura Kotte,Cargills Food City Express - Royal Park,Supermarket,POINT (79.8882921 6.9060373),Cargills Food City,
88611c8051fffff,Western,Colombo,Seethawaka,Cargills Food City,Supermarket,POINT (80.1373628 6.941731),Cargills Food City,
88611cb049fffff,Western,Colombo,Dehiwala,Cargills Food City - Marine City,Grocery store,POINT (79.8625996 6.8509933),Cargills Food City,
88611c8e91fffff,Western,Gampaha,Mahara,Cargills Food City Express - Ranmuthugala,Supermarket,POINT (79.9709338 7.017526),Cargills Food City,
88611cb115fffff,Western,Colombo,Colombo,Cargills Food City Seeduwa 02,Supermarket,POINT (79.861243 6.9270786),Cargills Food City,
88611c84abfffff,Western,Colombo,Kolonnawa,Cargills Food City Express - Ambathale,Supermarket,POINT (79.9380264 6.9367963),Cargills Food City,
88611cb061fffff,Western,Colombo,Thimbirigasyaya,Cargills Food City Express - Havelock Town,Supermarket,POINT (79.8696014 6.8824961),Cargills Food City,
88611c86d3fffff,Western,Colombo,Maharagama,Cargills Food City Express Pannipitiya,Supermarket,POINT (79.9511859 6.8467109),Cargills Food City,
88611c8427fffff,Western,Gampaha,Biyagama,Cargills Food City - Biyagama,Supermarket,POINT (79.9928069 6.9503371),Cargills Food City,
88611cba29fffff,Western,Gampaha,Mahara,Cargills Food City - Enderamulla,Supermarket,POINT (79.9151955 6.9949381),Cargills Food City,
88611c85b7fffff,Western,Gampaha,Mahara,Cargills Food City - Kadawatha2,Supermarket,POINT (79.9482186 7.0003656),Cargills Food City,
88611cba09fffff,Western,Gampaha,Kelaniya,Cargills Food City - Kelaniya,Supermarket,POINT (79.9067356 6.9669672),Cargills Food City,
88611c84b1fffff,Western,Colombo,Kolonnawa,Cargills Food City - Kotikawatta 2,Supermarket,POINT (79.9158785 6.9384934),Cargills Food City,
88611cbae5fffff,Western,Gampaha,Wattala,Cargills Food City - Elakanda,Supermarket,POINT (79.8744513 6.9942854),Cargills Food City,
88611cbb61fffff,Western,Gampaha,Mahara,Cargills Food City - Welipillewa,Supermarket,POINT (79.9573396 7.0380379),Cargills Food City,
88611cba51fffff,Western,Gampaha,Kelaniya,Cargills Food City - Pethiyagoda,Supermarket,POINT (79.9052722 6.9520024),Cargills Food City,
88611c86c5fffff,Western,Colombo,Maharagama,Cargills Food City Express - Rukmalgama,Supermarket,POINT (79.9870491 6.8572306),Cargills Food City,
88611c853dfffff,Western,Gampaha,Biyagama,Cargills Food City Delgoda,Supermarket,POINT (80.0129915 6.9866685),Cargills Food City,
88611cb205fffff,Western,Colombo,Ratmalana,Cargills Food City Express - Kalubowila,Supermarket,POINT (79.8801091 6.8301216),Cargills Food City,
88611c84d9fffff,Western,Colombo,Kaduwela,Cargills Food City Akuregoda,Grocery store,POINT (79.933909 6.8918756),Cargills Food City,
88611c8745fffff,Western,Gampaha,Dompe,Cargills Food City Hanwella,Supermarket,POINT (80.0775493 6.9078637),Cargills Food City,
88611c8619fffff,Western,Colombo,Homagama,Cargills Food City - Homagama 3,Grocery store,POINT (80.0039354 6.8518539),Cargills Food City,
88611cb343fffff,Western,Colombo,Maharagama,Cargills Food City,Grocery store,POINT (79.9089792 6.8570775),Cargills Food City,
88611cb345fffff,Western,Colombo,Maharagama,Cargills Food City - Thalapathpitiya,Supermarket,POINT (79.9275213 6.8660123),Cargills Food City,
88611cb339fffff,Western,Colombo,Sri Jayawardanapura Kotte,Cargills Food City - Pagoda,Supermarket,POINT (79.8939712 6.8784425),Cargills Food City,
88611c81adfffff,Western,Gampaha,Dompe,Cargills Food City Express,Supermarket,POINT (80.1288493 7.0420183),Cargills Food City,
88610349e9fffff,Western,Colombo,Homagama,Cargills Food City Express - Siddamulla,Supermarket,POINT (79.9578063 6.8147573),Cargills Food City,
88611c8eedfffff,Western,Gampaha,Gampaha,Cargills Food City - Weliweriya,Supermarket,POINT (80.0268586 7.0343696),Cargills Food City,
88611c85a9fffff,Western,Gampaha,Biyagama,Cargills Food City - Mawaramandiya,Supermarket,POINT (79.9758714 6.9870791),Cargills Food City,
88611cb149fffff,Western,Colombo,Sri Jayawardanapura Kotte,Cargills Food City - Rajagiriya 03,Grocery store,POINT (79.8937704 6.9017116),Cargills Food City,
88611c8651fffff,Western,Colombo,Homagama,Cargills Food City Express pitipana,Supermarket,POINT (80.0138733 6.8446021),Cargills Food City,
88611c8553fffff,Western,Gampaha,Biyagama,Cargills Food City Express,Supermarket,POINT (80.0152972 6.9478313),Cargills Food City,
88611cba07fffff,Western,Gampaha,Kelaniya,Cargills Food City Express - Hunupitiya,Supermarket,POINT (79.9019112 6.9845937),Cargills Food City,
88611cb02dfffff,Western,Colombo,Thimbirigasyaya,Cargills Food City Express - IOC Fuel Station,Supermarket,POINT (79.8547493 6.8948227),Cargills Food City,
88611cb201fffff,Western,Colombo,Ratmalana,Cargills Food City - Rathmalana 2,Grocery store,POINT (79.8743268 6.8187152),Cargills Food City,
8861034909fffff,Western,Colombo,Homagama,Cargills Food City diyagama NDT,Supermarket,POINT (79.9948749 6.8098924),Cargills Food City,
88611cbb0bfffff,Western,Gampaha,Ja Ela,Cargills Food City Express - Delpe,Supermarket,POINT (79.9351199 7.0208119),Cargills Food City,
88611c8429fffff,Western,Colombo,Kaduwela,Cargills Food City - Bomiriya,Supermarket,POINT (80.0055219 6.9323678),Cargills Food City,
88611c8415fffff,Western,Colombo,Kaduwela,Cargills Food City - Kothalawala,Supermarket,POINT (79.9741317 6.9200529),Cargills Food City,
88611c849bfffff,Western,Colombo,Kaduwela,Cargills Food City Express Iconic Residence,Supermarket,POINT (79.9058508 6.9095853),Cargills Food City,
88611cba47fffff,Western,Gampaha,Kelaniya,Cargills Food City - Dalugama,Supermarket,POINT (79.9174391 6.9727501),Cargills Food City,
88611c8495fffff,Western,Colombo,Kolonnawa,Cargills Food City Gothatuwa,Grocery store,POINT (79.9146312 6.9255795),Cargills Food City,
8861034905fffff,Western,Colombo,Homagama,Cargills Food City Express - Magammana,Supermarket,POINT (79.9981618 6.8220076),Cargills Food City,
88611c848dfffff,Western,Colombo,Kolonnawa,Cargills Food City - Himbutana,Grocery store,POINT (79.9402353 6.9227664),Cargills Food City,
88610349abfffff,Western,Colombo,Kesbewa,Cargills Food City Express Godigamuwa,Supermarket,POINT (79.9317484 6.8364905),Cargills Food City,
88611c862dfffff,Western,Colombo,Kaduwela,Cargills Food City Express - Jaya Mawatha,Grocery store,POINT (80.0364622 6.8903025),Cargills Food City,
88610349d3fffff,Western,Colombo,Kesbewa,Cargills Food City - Piliyandala 02,Supermarket,POINT (79.9187783 6.7996596),Cargills Food City,
88611cb241fffff,Western,Colombo,Moratuwa,Cargills Food City - Katubedda,Supermarket,POINT (79.8883285 6.8025627),Cargills Food City,
88611cb841fffff,Western,Gampaha,Wattala,Cargills Food City - Welisara 1,Supermarket,POINT (79.8977498 7.0142894),Cargills Food City,
8861034921fffff,Western,Colombo,Homagama,"Cargills Food City, Homagama 2",Grocery store,POINT (79.9981133 6.8408924),Cargills Food City,
88611cba15fffff,Western,Gampaha,Wattala,Cargills Food City - Wattala 2,Supermarket,POINT (79.8884345 6.9769636),Cargills Food City,
88611cb147fffff,Western,Colombo,Sri Jayawardanapura Kotte,Cargills Food City - Obesekarapura,Supermarket,POINT (79.8919034 6.9192544),Cargills Food City,
88611c8345fffff,Sabaragamuwa,Kegalle,Dehiowita,Cargills Food City - Express Talduwa,Grocery store,POINT (80.2235468 6.9590765),Cargills Food City,
88611cb13dfffff,Western,Colombo,Colombo,Cargills Food City - Grandpass,Supermarket,POINT (79.8670732 6.9443444),Cargills Food City,
88611c86e5fffff,Western,Colombo,Kaduwela,Cargills Food City Athurugiriya 1,Supermarket,POINT (79.9867206 6.8792209),Cargills Food City,
88611c8351fffff,Western,Colombo,Seethawaka,Cargills Food City - Avissawella 2,Supermarket,POINT (80.1986618 6.9470148),Cargills Food City,
88611cb165fffff,Western,Colombo,Kolonnawa,Cargills Food City - Wellampitiya,Supermarket,POINT (79.904399 6.9368017),Cargills Food City,
88611c86cbfffff,Western,Colombo,Maharagama,Cargills Food City Express - Malapalla,Supermarket,POINT (79.9776764 6.8454926),Cargills Food City,
88611cb22dfffff,Western,Colombo,Ratmalana,Cargills Food City - Attidiya 2,Supermarket,POINT (79.8850123 6.8386393),Cargills Food City,
88611cb049fffff,Western,Colombo,Dehiwala,Cargills Food City Express,Grocery store,POINT (79.8667247 6.8513282),Cargills Food City,
88611cba5dfffff,Western,Gampaha,Kelaniya,Cargills Food City Express - Waragoda,Supermarket,POINT (79.9103903 6.9586894),Cargills Food City,
88611c8469fffff,Western,Colombo,Kaduwela,Cargills Food City Express - Nawagamuwa,Supermarket,POINT (80.0200432 6.9238805),Cargills Food City,
88611c803bfffff,Western,Gampaha,Dompe,Cargills Food City Express - Pugoda,Supermarket,POINT (80.1210557 6.9762268),Cargills Food City,
88611c8f53fffff,Western,Gampaha,Mahara,Cargills Food City (Express) - Malwathuhiripitiya,Supermarket,POINT (80.0695084 7.0545003),Cargills Food City,
88611cba61fffff,Western,Gampaha,Kelaniya,Cargills Food City - Kiribathgoda 4,Supermarket,POINT (79.9319137 6.9837658),Cargills Food City,
88610349d7fffff,Western,Colombo,Kesbewa,Cargills Food City Piliyandala 01,Grocery store,POINT (79.9213212 6.8061035),Cargills Food City,
88611cb161fffff,Western,Colombo,Kolonnawa,Cargills Food City - Kolonnawa 02,Grocery store,POINT (79.8941231 6.9324387),Cargills Food City,
88611cbb13fffff,Western,Gampaha,Wattala,Cargills Food City (Express) - Elapitiwala,Supermarket,POINT (79.9084444 7.0244401),Cargills Food City,
88611c81adfffff,Western,Gampaha,Dompe,Cargills Food City Kirindiwela,Supermarket,POINT (80.1317396 7.0403062),Cargills Food City,
88611c835bfffff,Western,Colombo,Seethawaka,Cargills Food City Express - Puwakpitiya,Supermarket,POINT (80.1941552 6.9373602),Cargills Food City,
886103529dfffff,Western,Kalutara,Beruwala,Cargills Food City - Aluthgama 1,Supermarket,POINT (79.9977941 6.4333398),Cargills Food City,
88611ea4b9fffff,North Western,Puttalam,Kalpitiya,Cargills Food City - Express Norochcholai,Supermarket,POINT (79.7373125 8.048975),Cargills Food City,
88610350ddfffff,Western,Kalutara,Beruwala,Cargills Food City - Beruwala,Supermarket,POINT (79.9833743 6.4746606),Cargills Food City,
886103ce01fffff,Southern,Galle,Balapitiya,Cargills Food City Express - Balapitiya,Supermarket,POINT (80.040612 6.280943),Cargills Food City,
8861035225fffff,Western,Kalutara,Matugama,Cargills Food City Express - Southern Highway - A,Supermarket,POINT (80.0793716 6.4687679),Cargills Food City,
88611cb30bfffff,Western,Colombo,Sri Jayawardanapura Kotte,Cargills Food City - Delkanda 2,Grocery store,POINT (79.898168 6.864583),Cargills Food City,
886103c18bfffff,Southern,Galle,Karandeniya,Cargills Food City (Express) - Karandeniya,Supermarket,POINT (80.0913687 6.2703717),Cargills Food City,
88611c99d3fffff,Sabaragamuwa,Kegalle,Ruwanwella,Cargills Food City Express - Ruwanwella,Supermarket,POINT (80.2543081 7.0432156),Cargills Food City,
88610352d3fffff,Southern,Galle,Bentota,Cargills Food City Express - Benthota,Supermarket,POINT (79.9991747 6.4230324),Cargills Food City,
886103ce27fffff,Southern,Galle,Balapitiya,Cargills Food City Express - Ahungalla,Supermarket,POINT (80.034932 6.3151843),Cargills Food City,
88611ecc47fffff,North Central,Anuradhapura,Medawachchiya,Cargills Food City Express - Medawachchiya,Supermarket,POINT (80.4919339 8.5414845),Cargills Food City,
886103c105fffff,Southern,Galle,Elpitiya,Cargills Food City (Express) - Elpitiya,Supermarket,POINT (80.1631349 6.2887341),Cargills Food City,
886113a2ebfffff,Eastern,Trincomalee,Kantale,Cargills Food City Express - Kanthale,Supermarket,POINT (81.0031042 8.3658759),Cargills Food City,
88611c8483fffff,Western,Colombo,Kolonnawa,Cargills Food City - Walpola,Grocery store,POINT (79.9269549 6.919566),Cargills Food City,
8861035281fffff,Western,Kalutara,Beruwala,Cargills Food City - Dharga Town,Supermarket,POINT (80.0138922 6.4412895),Cargills Food City,
8861117141fffff,North Central,Polonnaruwa,Higurakgoda,Cargills Food City Express - Jayanthipura,Supermarket,POINT (80.966836 7.9844839),Cargills Food City,
886103cf63fffff,Southern,Galle,Karandeniya,Cargills Food City Express - Uragasmanhandiya,Supermarket,POINT (80.0822014 6.3428902),Cargills Food City,
88611e51c7fffff,Northern,Vavuniya,Vavuniya,Cargills Food City - Vavuniya,Supermarket,POINT (80.4978186 8.752324),Cargills Food City,
8861035087fffff,Western,Kalutara,Beruwala,Cargills Food City Express Maggona,Supermarket,POINT (79.9804401 6.5039158),Cargills Food City,
8861035225fffff,Western,Kalutara,Matugama,Cargills Food City Express - Southern Highway - B,Convenience store,POINT (80.0766756 6.4690125),Cargills Food City,
886103529dfffff,Western,Kalutara,Beruwala,Cargills Food City - Aluthgama 2,Grocery store,POINT (79.9957355 6.437482),Cargills Food City,
88611cbb15fffff,Western,Gampaha,Ja Ela,Cargills Food City Express - Elapitiwala,Supermarket,POINT (79.923 7.0280037),Cargills Food City,
88611c86ddfffff,Western,Colombo,Maharagama,Cargills Food City - Kottawa 03,Supermarket,POINT (79.9656572 6.8428779),Cargills Food City,
886103c115fffff,Southern,Galle,Elpitiya,Cargills Food City Express - Kurundugaha hetekma,Grocery store,POINT (80.1379327 6.2745748),Cargills Food City,
886103d9bbfffff,Southern,Galle,Elpitiya,Cargills Food City (Express) - Pitigala,Supermarket,POINT (80.2216525 6.3355829),Cargills Food City,
886103cc45fffff,Southern,Galle,Balapitiya,Cargills Food City Kosgoda Srimal Building,Supermarket,POINT (80.0334089 6.3268625),Cargills Food City,
88611c84d7fffff,Western,Colombo,Kaduwela,"Cargills Food City - Koswatta 1, කාර්ගිල්ස් ෆුඩ් සිටි",Grocery store,POINT (79.9292191 6.9076113),Cargills Food City,
8861035325fffff,Western,Kalutara,Matugama,Cargills Food City කාගිල්ස් ෆුඩ් සිටි,Supermarket,POINT (80.1121393 6.5224236),Cargills Food City,
886103c0b9fffff,Southern,Galle,Ambalangoda,Cargills Food City - Ambalangoda 1,Supermarket,POINT (80.054309 6.23789),Cargills Food City,
8861034931fffff,Western,Colombo,Homagama,Cargills Food City Express Mabulgoda,Grocery store,POINT (79.9764414 6.8277284),Cargills Food City,
88611c84c1fffff,Western,Colombo,Kaduwela,Cargills Food City – Malabe 1,Supermarket,POINT (79.9541196 6.9040005),Cargills Food City,
8861ad7429fffff,Northern,Jaffna,Vadamaradchchi South-West (Karaveddy),Cargills Food City (Express) - Nelliyady,Supermarket,POINT (80.1965395 9.7995576),Cargills Food City,
88611c84e7fffff,Western,Colombo,Kaduwela,Cargills Food City,,POINT (79.9509795 6.9387284),Cargills Food City,
88611cb147fffff,Western,Colombo,Sri Jayawardanapura Kotte,Oval view Residence Cargills Food City,Grocery store,POINT (79.8852747 6.9181669),Cargills Food City,
88611e6d4dfffff,Northern,Mannar,Mannar Town,Cargills Food City Express - Mannar,Supermarket,POINT (79.9186136 8.9783337),Cargills Food City,
8861021763fffff,Sabaragamuwa,Ratnapura,Embilipitiya,Cargills Food City,Store,POINT (80.7972117 6.4103858),Cargills Food City,
8861028d53fffff,Sabaragamuwa,Ratnapura,Embilipitiya,Cargills Food City - Embilipitiya,Supermarket,POINT (80.856842 6.3313499),Cargills Food City,
8861020f59fffff,Sabaragamuwa,Ratnapura,Balangoda,Cargills Food City - Balangoda,Supermarket,POINT (80.7002674 6.6478307),Cargills Food City,
886111d923fffff,Eastern,Batticaloa,Eravur Pattu,Cargills Food City,Supermarket,POINT (81.6027244 7.7776259),Cargills Food City,
886110a525fffff,Eastern,Batticaloa,Kattankudy,Cargills Food City Express - Arayampathy,Supermarket,POINT (81.7328786 7.6739754),Cargills Food City,
8861004cbbfffff,Southern,Matara,Matara Four Gravets,Cargills Food City - Matara 1,Supermarket,POINT (80.5447271 5.9494158),Cargills Food City,
8861004c13fffff,Southern,Matara,Devinuwara,Cargills Food City (Express) - Devinuwara,Supermarket,POINT (80.5940355 5.9299412),Cargills Food City,
8861004c37fffff,Southern,Matara,Matara Four Gravets,Cargills Food City (Express) - Kekanadura,Supermarket,POINT (80.6027164 5.9641224),Cargills Food City,
886100790dfffff,Southern,Matara,Matara Four Gravets,Cargills Food City - Walgama,Supermarket,POINT (80.5123179 5.9418307),Cargills Food City,
8861004db3fffff,Southern,Matara,Thihagoda,Cargills Food City (Express) - Thihagoda,Supermarket,POINT (80.5664828 6.0116802),Cargills Food City,
886100796dfffff,Southern,Matara,Matara Four Gravets,Cargills Food City (Express) - Isadeen Town,Supermarket,POINT (80.5338433 5.9542245),Cargills Food City,
88610079ebfffff,Southern,Matara,Weligama,Cargills Food City - Mirissa,Grocery store,POINT (80.458168 5.9474198),Cargills Food City,
886110b657fffff,Eastern,Ampara,Kalmunai,Cargills Food City - Kalmunai,Supermarket,POINT (81.8272433 7.4137924),Cargills Food City,
886110ae13fffff,Eastern,Batticaloa,Manmunai North,"Cargills Food City, Manchanthoduwai",Supermarket,POINT (81.7239344 7.688471),Cargills Food City,
886110aea3fffff,Eastern,Batticaloa,Manmunai North,Cargills Food City,Supermarket,POINT (81.6898972 7.7258221),Cargills Food City,
88611cc8c5fffff,North Western,Kurunegala,Kurunegala,Cargills Food City - Kurunegala 3,Supermarket,POINT (80.356631 7.4780118),Cargills Food City,
88611cc8e3fffff,North Western,Kurunegala,Kurunegala,Cargills Food City Yanthampalawa - Express,Supermarket,POINT (80.3478478 7.4935737),Cargills Food City,
88611ccccdfffff,North Western,Kurunegala,Narammala,Cargills Food City - Narammala,Supermarket,POINT (80.2140717 7.427258),Cargills Food City,
88611cca6bfffff,North Western,Kurunegala,Mawathagama,Cargills Food City - Mawathagama,Grocery store,POINT (80.4410386 7.435767),Cargills Food City,
88611cc8d5fffff,North Western,Kurunegala,Kurunegala,Cargills Food City Express Malkaduwawa,Grocery store,POINT (80.3383375 7.4778098),Cargills Food City,
88611cc087fffff,North Western,Kurunegala,Polgahawela,Cargills Food City Express - Polgahawela,Supermarket,POINT (80.3006169 7.3366785),Cargills Food City,
88611cd847fffff,Central,Kandy,Tumpane,Cargills Food City Express Galagedara,Supermarket,POINT (80.5244948 7.3727606),Cargills Food City,
88611cc311fffff,Sabaragamuwa,Kegalle,Rambukkana,Cargills Food City Express - Rambukkana,Supermarket,POINT (80.3956392 7.3231127),Cargills Food City,
88611cc313fffff,Sabaragamuwa,Kegalle,Rambukkana,Cargills Food City - Rambukkana,Supermarket,POINT (80.3900816 7.3215986),Cargills Food City,
886102b993fffff,Southern,Matara,Pasgoda,Cargills Food City (Express) - Urubokka,Supermarket,POINT (80.6336634 6.3050126),Cargills Food City,
8861020719fffff,Sabaragamuwa,Ratnapura,Godakawela,Cargills Food City (Express) - Godakawela,Supermarket,POINT (80.6528607 6.5041545),Cargills Food City,
88611cc223fffff,Sabaragamuwa,Kegalle,Rambukkana,Cargills Food City Express - Pinnawala,Supermarket,POINT (80.3862157 7.2993015),Cargills Food City,
886102a197fffff,Southern,Matara,Pitabaddara,Cargills Food City (Express) - Morawaka,Supermarket,POINT (80.4913266 6.2625267),Cargills Food City,
886102a819fffff,Southern,Matara,Kotapola,Cargills Food City Express - Deniyaya,Supermarket,POINT (80.5593377 6.3466196),Cargills Food City,
88610215a9fffff,Sabaragamuwa,Ratnapura,Godakawela,Cargills Food City (Express) - Pallebedda,Grocery store,POINT (80.7065263 6.4812225),Cargills Food City,
886102a027fffff,Southern,Matara,Pitabaddara,Cargills Food City Express - Southern Highway - A,Supermarket,POINT (80.543845 6.237375),Cargills Food City,
886102ad83fffff,Southern,Galle,Neluwa,Cargills Food City (Express) - Neluwa,Supermarket,POINT (80.3887232 6.3740333),Cargills Food City,
8861023669fffff,Southern,Galle,Neluwa,Cargills Food City (Express) - Neluwa,Supermarket,POINT (80.3620978 6.3781674),Cargills Food City,
886102b58bfffff,Southern,Matara,Akuressa,Cargills Food City - Akuressa,Supermarket,POINT (80.4770544 6.0968214),Cargills Food City,
88611c1619fffff,Western,Gampaha,Minuwangoda,Cargills Food City Express - Kotugoda,Supermarket,POINT (79.9244327 7.1239439),Cargills Food City,
88611c8c05fffff,Western,Gampaha,Gampaha,Cargills Food City - Yakkala 1,Supermarket,POINT (80.0337468 7.0867206),Cargills Food City,
88611c0547fffff,North Western,Puttalam,Wennappuwa,Cargills Food City - Wennappuwa,Supermarket,POINT (79.8405724 7.3451365),Cargills Food City,
88611c0e33fffff,North Western,Puttalam,Mahawewa,Cargills Food City - Marawila,Supermarket,POINT (79.830433 7.4157972),Cargills Food City,
88611c1719fffff,Western,Gampaha,Minuwangoda,Cargills Food City - Minuwangoda 2,Supermarket,POINT (79.9502762 7.1707259),Cargills Food City,
88611c0341fffff,North Western,Kurunegala,Pannala,Cargills Food City - Pannala,Supermarket,POINT (80.0245968 7.3290475),Cargills Food City,
88611c064dfffff,Western,Gampaha,Negombo,Cargills Food City Express - Dalupotha,Supermarket,POINT (79.8508879 7.2294722),Cargills Food City,
886111add1fffff,Central,Matale,Ukuwela,Cargills Food City - Matale 03,Grocery store,POINT (80.6282093 7.4583637),Cargills Food City,
88611c1485fffff,Western,Gampaha,Negombo,Cargills Food City - Negombo 4,Supermarket,POINT (79.8565931 7.1994039),Cargills Food City,
88611c16ebfffff,Western,Gampaha,Katana,Cargills Food City - Raddolugama,Supermarket,POINT (79.8997217 7.1376202),Cargills Food City,
88611c15cdfffff,Western,Gampaha,Katana,Cargills Food City (Express) - Miriswatta,Grocery store,POINT (79.9083492 7.2309084),Cargills Food City,
88611c1329fffff,Western,Gampaha,Mirigama,Cargills Food City,Supermarket,POINT (80.1305595 7.2495415),Cargills Food City,
88611c88b3fffff,Western,Gampaha,Attanagalla,Cargills Food City,Supermarket,POINT (80.0939824 7.1414823),Cargills Food City,
88611c1403fffff,Western,Gampaha,Katana,Cargills Food City Express - Andiambalama,Supermarket,POINT (79.9024865 7.1867065),Cargills Food City,
88611c8c3bfffff,Western,Gampaha,Gampaha,Cargills Food City - Gampaha 2,Supermarket,POINT (80.0043159 7.08965),Cargills Food City,
88611cb92bfffff,Western,Gampaha,Ja Ela,Cargills Food City - Ekala,Supermarket,POINT (79.9101569 7.1021787),Cargills Food City,
88611c8aa3fffff,Western,Gampaha,Attanagalla,Cargills Food City Express - Urapola,Grocery store,POINT (80.1445237 7.0979921),Cargills Food City,
88611c899bfffff,Western,Gampaha,Mirigama,Cargills Food City,Grocery store,POINT (80.1237078 7.167824),Cargills Food City,
88611c10c1fffff,Western,Gampaha,Divulapitiya,Cargills Food City Express - Divulapitiya,Supermarket,POINT (80.0182953 7.2237702),Cargills Food City,
88611c8d6bfffff,Western,Gampaha,Attanagalla,Cargills Food City - Thihariya,Supermarket,POINT (80.0733572 7.1290187),Cargills Food City,
88611c8c05fffff,Western,Gampaha,Gampaha,Cargills Food City - Yakkala 2,Supermarket,POINT (80.0290452 7.0884034),Cargills Food City,
88611c1625fffff,Western,Gampaha,Minuwangoda,Cargills Food City - Minuwangoda.,Grocery store,POINT (79.9467343 7.1663889),Cargills Food City,
88611cc6edfffff,Sabaragamuwa,Kegalle,Warakapola,Cargills Food City Express - Ambepussa,Supermarket,POINT (80.2080106 7.2390904),Cargills Food City,
88611c88b3fffff,Western,Gampaha,Attanagalla,Cargills Food City Nittambuwa 02,Supermarket,POINT (80.0925085 7.1443396),Cargills Food City,
88611c12ddfffff,Western,Gampaha,Minuwangoda,Cargills Food City Express Naiwala Juncton,Supermarket,POINT (80.0312043 7.1586135),Cargills Food City,
88611c14b5fffff,Western,Gampaha,Negombo,Cargills Food City - Negombo 1,Supermarket,POINT (79.8441404 7.2129467),Cargills Food City,
88611c14c3fffff,Western,Gampaha,Katana,Cargills Food City - Kurana,Supermarket,POINT (79.8620433 7.1783876),Cargills Food City,
88611c14bdfffff,Western,Gampaha,Negombo,Cargills Food City Express - Greens Road,Supermarket,POINT (79.8404467 7.2060418),Cargills Food City,
88611c16a1fffff,Western,Gampaha,Katana,Cargills Food City - Awariwatta,Grocery store,POINT (79.8833557 7.163455),Cargills Food City,
88611c1687fffff,Western,Gampaha,Katana,Cargills Food City - Seeduwa 1,Supermarket,POINT (79.8737728 7.1433258),Cargills Food City,
88611c14abfffff,Western,Gampaha,Negombo,Cargills Food City - Negombo 2,Supermarket,POINT (79.8506984 7.2063063),Cargills Food City,
88611c141bfffff,Western,Gampaha,Katana,Cargills Food City Express - Bandaranaike International Airport,Grocery store,POINT (79.8861574 7.173369),Cargills Food City,
88611c168dfffff,Western,Gampaha,Katana,"Cargills Food City Express - Seeduwa, Palliya Junction",Supermarket,POINT (79.8889263 7.1327697),Cargills Food City,
88611cb933fffff,Western,Gampaha,Ja Ela,Cargills Food City Express - Dandugama,Supermarket,POINT (79.8841885 7.1039234),Cargills Food City,
88611c14a3fffff,Western,Gampaha,Negombo,Cargills Food City - Negombo 3,Grocery store,POINT (79.8455227 7.2172035),Cargills Food City,
8861022a55fffff,Sabaragamuwa,Ratnapura,Ratnapura,Cargills Food City - Rathnapura 1,Supermarket,POINT (80.4020704 6.679112),Cargills Food City,
8861022a39fffff,Sabaragamuwa,Ratnapura,Ratnapura,Cargills Food City Rathnapura 3,Supermarket,POINT (80.3910526 6.6987769),Cargills Food City,
8861022d91fffff,Western,Kalutara,Ingiriya,Cargills Food City - Ingiriya - කාර්ගීල්ස් ඉංගිරිය,Grocery store,POINT (80.1771907 6.7436951),Cargills Food City,
8861022a3bfffff,Sabaragamuwa,Ratnapura,Ratnapura,Cargills Food City - Horana,Supermarket,POINT (80.3805997 6.6973067),Cargills Food City,
8861022a0bfffff,Sabaragamuwa,Ratnapura,Ratnapura,Cargills Food City - Rathnapura 02,Grocery store,POINT (80.4008102 6.6845374),Cargills Food City,
886102620dfffff,Central,Nuwara Eliya,Ambagamuwa,Cargills Food City - Hatton,Supermarket,POINT (80.5972816 6.8927975),Cargills Food City,
88610229c9fffff,Sabaragamuwa,Ratnapura,Kuruvita,Cargills Food City Express - Kuruwita,Supermarket,POINT (80.3676071 6.7739916),Cargills Food City,
88611cb91dfffff,Western,Gampaha,Ja Ela,Cargills Food City - Ja Ela 2,Supermarket,POINT (79.892784 7.073829),Cargills Food City,
88611c168bfffff,Western,Gampaha,Katana,Cargills Food City - Seeduwa 2,Supermarket,POINT (79.8767972 7.1272391),Cargills Food City,
8861023b1dfffff,Sabaragamuwa,Ratnapura,Pelmadulla,Cargills Food City - Pelmadulla,Supermarket,POINT (80.5387446 6.6255812),Cargills Food City,
88610359e3fffff,Western,Kalutara,Horana,Cargills Food City,Grocery store,POINT (80.0596888 6.7174921),Cargills Food City,
88610359e3fffff,Western,Kalutara,Horana,Cargills Food City-Horana 2,Supermarket,POINT (80.0634985 6.7144013),Cargills Food City,
88611c95cbfffff,Western,Colombo,Padukka,Cargills Food City Express - Padukka,Grocery store,POINT (80.0908396 6.8434889),Cargills Food City,
88611c15b3fffff,Western,Gampaha,Katana,Cargills Food City - Kochchikade,Supermarket,POINT (79.857302 7.2625471),Cargills Food City,
88611c0769fffff,North Western,Puttalam,Dankotuwa,Cargills Food City - Dankotuwa,Supermarket,POINT (79.8822526 7.2981198),Cargills Food City,
88611c14a5fffff,Western,Gampaha,Katana,Cargills Food City Express - Y Junction,Supermarket,POINT (79.863166 7.2220835),Cargills Food City,
88611c109dfffff,Western,Gampaha,Divulapitiya,Cargills Food City Express - Marandagahamula,Supermarket,POINT (79.9866177 7.2295713),Cargills Food City,
88611cb9c7fffff,Western,Gampaha,Wattala,Cargills Food City Express - Bopitiya,Supermarket,POINT (79.8596569 7.0797839),Cargills Food City,
88611cb915fffff,Western,Gampaha,Ja Ela,Cargills Food City - Ja Ela 1,Supermarket,POINT (79.8906465 7.0824644),Cargills Food City,
88611c99a9fffff,Sabaragamuwa,Kegalle,Ruwanwella,Cargills Food City Express - Kannattota,Supermarket,POINT (80.271912 7.0825716),Cargills Food City,
88611cc6ebfffff,Sabaragamuwa,Kegalle,Warakapola,Cargills Food City - Warakapola,Supermarket,POINT (80.200415 7.2285555),Cargills Food City,
88611cd683fffff,Sabaragamuwa,Kegalle,Galigamuwa,Cargills Food City Express - Kotiyakumbura,Grocery store,POINT (80.2864206 7.1215036),Cargills Food City,
88611c8c05fffff,Western,Gampaha,Gampaha,Cargills Food City (Express) - Yakkala,Supermarket,POINT (80.0349423 7.0846822),Cargills Food City,
88611c8d23fffff,Western,Gampaha,Attanagalla,Cargills Food City Express- Veyangoda,Supermarket,POINT (80.0582889 7.1533912),Cargills Food City,
88611c15e5fffff,Western,Gampaha,Katana,Cargills Food City Express - Katana,Supermarket,POINT (79.9129904 7.2544529),Cargills Food City,
88611cc465fffff,North Western,Kurunegala,Alawwa,Cargills Food City Express - Alawwa 1,Supermarket,POINT (80.2368145 7.2952364),Cargills Food City,
88611c8ce5fffff,Western,Gampaha,Gampaha,Cargills Food City - Gampaha 1,Supermarket,POINT (79.9963032 7.092744),Cargills Food City,
88611c8d23fffff,Western,Gampaha,Attanagalla,Cargills Food City - Veyangoda New,Supermarket,POINT (80.0576014 7.1553708),Cargills Food City,
88611c1431fffff,Western,Gampaha,Katana,Cargills Food City Express - Kimbulapitiya,Supermarket,POINT (79.8951571 7.206471),Cargills Food City,
88611c070bfffff,North Western,Puttalam,Wennappuwa,Cargills Food City Express - Bolawatta,Grocery store,POINT (79.8524483 7.2905517),Cargills Food City,
88611cc46dfffff,Sabaragamuwa,Kegalle,Warakapola,Cargills Food City Express - Alawwa 2,Grocery store,POINT (80.2380342 7.2912391),Cargills Food City,
88611cc499fffff,Western,Gampaha,Mirigama,Cargills Food City Express - Kandalama,Grocery store,POINT (80.13755 7.2722606),Cargills Food City,
88611c1329fffff,Western,Gampaha,Mirigama,Cargills Food City Liquor Store,Liquor store,POINT (80.1306383 7.2494607),Cargills Food City,
8861006a37fffff,Southern,Galle,Habaraduwa,Cargills Food City (Express) - Ahangama,Supermarket,POINT (80.3639045 5.9725152),Cargills Food City,
88610068c3fffff,Southern,Galle,Habaraduwa,Cargills Food City (Express) - Habaraduwa,Supermarket,POINT (80.3069127 5.9936463),Cargills Food City,
8861004c95fffff,Southern,Matara,Matara Four Gravets,Cargills Food City (Express) - Matara,Supermarket,POINT (80.5494458 5.9445398),Cargills Food City,
8861006d29fffff,Southern,Galle,Habaraduwa,Cargills Food City (Express) - Unawatuna,Grocery store,POINT (80.2477127 6.0198256),Cargills Food City,
8861006d31fffff,Southern,Galle,Galle 4 Gravets,Cargills Food City (Express) - Galle Fort,Supermarket,POINT (80.2180458 6.0247958),Cargills Food City,
8861117a11fffff,North Central,Polonnaruwa,Higurakgoda,Cargills Food City Express - Hingurakgoda,Grocery store,POINT (80.955026 8.0426714),Cargills Food City,
8861006d23fffff,Southern,Galle,Galle 4 Gravets,Cargills Food City (Express) - Katugoda,Supermarket,POINT (80.2390163 6.0330145),Cargills Food City,
8861006d25fffff,Southern,Galle,Akmeemana,Cargills Food City (Express) - Nugaduwa Fairway,Supermarket,POINT (80.2495409 6.0385806),Cargills Food City,
8861006d37fffff,Southern,Galle,Galle 4 Gravets,Cargills Food City - Galle 2,Supermarket,POINT (80.2171656 6.035213),Cargills Food City,
8861006d37fffff,Southern,Galle,Galle 4 Gravets,Cargills Food City - Galle 1,Supermarket,POINT (80.2154182 6.0333366),Cargills Food City,
886103d2c1fffff,Southern,Galle,Galle 4 Gravets,Cargills Food City - Thanipolgaha Junction,Supermarket,POINT (80.224479 6.0460103),Cargills Food City,
886103d2c3fffff,Southern,Galle,Galle 4 Gravets,Cargills Food City (Express) - Dangedara,Supermarket,POINT (80.2199407 6.0517316),Cargills Food City,
886103d2b9fffff,Southern,Galle,Bope-Poddala,Cargills Food City (Express) - Hapugala,Supermarket,POINT (80.1978331 6.0738173),Cargills Food City,
886103c003fffff,Southern,Galle,Ambalangoda,Cargills Food City Express - Batapola,Supermarket,POINT (80.1175308 6.2258768),Cargills Food City,
886103d52dfffff,Southern,Galle,Gonapinuwala,Cargills Food City (Express) - Arachchikanda,Supermarket,POINT (80.1325713 6.1417924),Cargills Food City,
88610258b9fffff,Uva,Badulla,Badulla,Cargills Food City - Badulla 1,Supermarket,POINT (81.0599529 6.9880291),Cargills Food City,
88610240dbfffff,Uva,Badulla,Welimada,Cargills Food City - Welimada,Supermarket,POINT (80.91281 6.903517),Cargills Food City,
88610258bbfffff,Uva,Badulla,Badulla,Cargills Food City - Badulla 2,Supermarket,POINT (81.0519533 6.9899703),Cargills Food City,
88610258b1fffff,Uva,Badulla,Badulla,Cargills Food City (Express) - Badulla,Supermarket,POINT (81.0567946 6.9985823),Cargills Food City,
8861026a97fffff,Central,Kandy,Pasbagekorale,Cargills Food City - Nawalapitiya,Supermarket,POINT (80.5345494 7.0558093),Cargills Food City,
8861026e41fffff,Central,Nuwara Eliya,Ambagamuwa,Cargills Food City (Express) - Ginigathhena,Supermarket,POINT (80.4932389 6.9905768),Cargills Food City,
8861026981fffff,Central,Kandy,Udapalatha,Cargills Food City - Gampola 1,Supermarket,POINT (80.565185 7.1606256),Cargills Food City,
886103c0b9fffff,Southern,Galle,Ambalangoda,Cargills Food City - Ambalangoda 2,Supermarket,POINT (80.0542 6.2347718),Cargills Food City,
886103d2e1fffff,Southern,Galle,Bope-Poddala,Cargills Food City - Karapitiya 1,Supermarket,POINT (80.2280809 6.068023),Cargills Food City,
886103d2e3fffff,Southern,Galle,Bope-Poddala,Cargills Food City - Karapitiya 2,Supermarket,POINT (80.2234886 6.0668215),Cargills Food City,
886103d50bfffff,Southern,Galle,Hikkaduwa,Cargills Food City (Express) - Hikkaduwa 2,Supermarket,POINT (80.1200582 6.115667),Cargills Food City,
886103d537fffff,Southern,Galle,Hikkaduwa,Cargills Food City (Express) - Hikkaduwa 1,Supermarket,POINT (80.0996618 6.1431823),Cargills Food City,
886103d2edfffff,Southern,Galle,Bope-Poddala,Cargills Food City (Express) - Labuduwa,Supermarket,POINT (80.237999 6.071747),Cargills Food City,
8861006d37fffff,Southern,Galle,Galle 4 Gravets,Cargills Food City (Express),Supermarket,POINT (80.2195461 6.0357805),Cargills Food City,
886103d207fffff,Southern,Galle,Akmeemana,Cargills Food City (Express) - Pinnaduwa,Supermarket,POINT (80.268081 6.0655969),Cargills Food City,
88611522b1fffff,Uva,Monaragala,Monaragala,Cargills Food City - Monaragala,Supermarket,POINT (81.3500908 6.8712998),Cargills Food City,
886111a483fffff,Central,Kandy,Yatinuwara,Cargills Food City - Pilimathalawa 1,Supermarket,POINT (80.5578872 7.2651782),Cargills Food City,
88611cd1d5fffff,Sabaragamuwa,Kegalle,Mawanella,Cargills Food City - Mawanella,Supermarket,POINT (80.4490394 7.2528689),Cargills Food City,
886111a43bfffff,Central,Kandy,Gangawata Korale,Cargills Food City - Getambe,Supermarket,POINT (80.6048083 7.2707766),Cargills Food City,
886111a491fffff,Central,Kandy,Yatinuwara,Cargills Food City Pilimathalawa 02,Supermarket,POINT (80.5497497 7.2641381),Cargills Food City,
886111a681fffff,Central,Kandy,Udunuwara,Cargills Food City Express - Gelioya,Supermarket,POINT (80.5975979 7.217775),Cargills Food City,
886111a4ebfffff,Central,Kandy,Yatinuwara,Cargills Food City Express - Eriyagama,Grocery store,POINT (80.589244 7.2653202),Cargills Food City,
88611cd1d1fffff,Sabaragamuwa,Kegalle,Mawanella,Cargills Food City Express - Rambukkana,Supermarket,POINT (80.4464983 7.2481432),Cargills Food City,
886111a4ebfffff,Central,Kandy,Yatinuwara,Cargills Food City Kiribathkumbura,Grocery store,POINT (80.5821181 7.2666619),Cargills Food City,
886111a587fffff,Central,Kandy,Harispattuwa,Cargills Food City Nugawela,Supermarket,POINT (80.5950278 7.3273716),Cargills Food City,
88610264b5fffff,Sabaragamuwa,Kegalle,Deraniyagala,Cargills Food City Express - Deraniyagala,Supermarket,POINT (80.3377248 6.9280621),Cargills Food City,
88611c982bfffff,Sabaragamuwa,Kegalle,Yatiyantota,Cargills Food City (Express) Yatiyantota,Supermarket,POINT (80.2946446 7.0307632),Cargills Food City,
88611cd619fffff,Sabaragamuwa,Kegalle,Bulathkohipitiya,Cargills Food City Express Bulathkohupitiya,Grocery store,POINT (80.3351818 7.1031936),Cargills Food City,
886111a6a3fffff,Central,Kandy,Udunuwara,Cargills Food City Angunawala,Grocery store,POINT (80.5930979 7.2409988),Cargills Food City,
88611c19b7fffff,North Western,Kurunegala,Kuliyapitiya West,Cargills Food City - Kuliyapitiya 1,Supermarket,POINT (80.0443989 7.472876),Cargills Food City,
88611c0b59fffff,North Western,Kurunegala,Kuliyapitiya West,Cargills Food City - Kuliyapitiya 2,Grocery store,POINT (80.0341414 7.4687036),Cargills Food City,
88611c0e63fffff,North Western,Puttalam,Nattandiya,Cargills Food City Nattandiya,Grocery store,POINT (79.8687571 7.4125104),Cargills Food City,
88611c0541fffff,North Western,Puttalam,Wennappuwa,Cargills Food City - Wennappuwa 2,Supermarket,POINT (79.8444053 7.3338437),Cargills Food City,
88611c0d19fffff,North Western,Puttalam,Madampe,Cargills Food City Express Madampe.,Supermarket,POINT (79.8401472 7.497021),Cargills Food City,
88611cc2cbfffff,Sabaragamuwa,Kegalle,Kegalle,Cargills Food City - Kegalle 2,Supermarket,POINT (80.341834 7.2511422),Cargills Food City,
88611cc2c9fffff,Sabaragamuwa,Kegalle,Kegalle,Cargills Food City - Kegalle 1,Supermarket,POINT (80.3502257 7.2539833),Cargills Food City,
8861119727fffff,Uva,Monaragala,Bibile,Cargills Food City - Bibile,Supermarket,POINT (81.2258985 7.1644428),Cargills Food City,
88611c0529fffff,North Western,Puttalam,Nattandiya,Cargills Food City Express - Katuneriya,Supermarket,POINT (79.832847 7.3657703),Cargills Food City,
886111ad9dfffff,Central,Matale,Matale,Cargills Food City - Matale 1,Supermarket,POINT (80.6225225 7.4742618),Cargills Food City,
88611cdb63fffff,Central,Kandy,Poojapitiya,Cargills Food City Express - Poojapitiya,Supermarket,POINT (80.5867633 7.3813156),Cargills Food City,
886111ad9dfffff,Central,Matale,Matale,Cargills Food City Express,Supermarket,POINT (80.623242 7.4709328),Cargills Food City,
886111ad83fffff,Central,Matale,Matale,Cargills Food City - Matale 2,Supermarket,POINT (80.6235647 7.4803452),Cargills Food City,
88611cda6dfffff,Central,Kandy,Harispattuwa,Cargills Food City Express - Aladeniya,Grocery store,POINT (80.5699329 7.3316371),Cargills Food City,
88610359b5fffff,Western,Kalutara,Horana,Cargills Food City - Express,Grocery store,POINT (80.0340174 6.7262409),Cargills Food City,
88611c86d9fffff,Western,Colombo,Kesbewa,Cargills Food City - Kottawa 2,Supermarket,POINT (79.9625097 6.842376),Cargills Food City,
88611cb867fffff,Western,Gampaha,Ja Ela,Cargills Food City Express - Kandana,Supermarket,POINT (79.8994756 7.0481131),Cargills Food City,
88611cb359fffff,Western,Colombo,Kesbewa,Cargills Food City Express - Pirivena Junction,Supermarket,POINT (79.9065257 6.8417195),Cargills Food City,
88611cb067fffff,Western,Colombo,Thimbirigasyaya,Cargills Food City Express Isipathana Mawatha,Grocery store,POINT (79.8647333 6.888135),Cargills Food City,
88611c86dbfffff,Western,Colombo,Kesbewa,Cargills Food City Express - Rathmaldeniya,Grocery store,POINT (79.9501709 6.8389922),Cargills Food City,
88611c8691fffff,Western,Colombo,Maharagama,Cargills Food City Express - Depanama,Supermarket,POINT (79.9441522 6.858818),Cargills Food City,
88611cb20bfffff,Western,Colombo,Ratmalana,Cargills Food City Express - Station Rd,Supermarket,POINT (79.8677353 6.8146356),Cargills Food City,
88610348a5fffff,Western,Colombo,Kesbewa,Cargills Food City Express - Suwarapola,Supermarket,POINT (79.9099368 6.7972669),Cargills Food City,
88610349d1fffff,Western,Colombo,Kesbewa,Cargills Food City - Kolamunna,Supermarket,POINT (79.9249819 6.7934283),Cargills Food City,
8861034999fffff,Western,Colombo,Kesbewa,Cargills Food City Express - CTG,Supermarket,POINT (79.9156667 6.8070367),Cargills Food City,
88610349ddfffff,Western,Colombo,Kesbewa,Cargills Food City,Supermarket,POINT (79.9395392 6.796545),Cargills Food City,
88611cb359fffff,Western,Colombo,Kesbewa,Cargills Food City - Boralasgamuwa,Grocery store,POINT (79.9008379 6.8404081),Cargills Food City,
88611cba69fffff,Western,Gampaha,Kelaniya,Cargills Food City - Kiribathgoda 2,Grocery store,POINT (79.9319848 6.9769774),Cargills Food City,
88611c8595fffff,Western,Gampaha,Biyagama,Cargills Food City - Makola,Supermarket,POINT (79.9482021 6.9753039),Cargills Food City,
886103492dfffff,Western,Colombo,Homagama,Cargills Food City - Homagama 1,Grocery store,POINT (80.005132 6.8413315),Cargills Food City,
88611c8603fffff,Western,Colombo,Homagama,Cargills Food City Express - Habarakada,Supermarket,POINT (80.0124199 6.8653681),Cargills Food City,
88611c8cd7fffff,Western,Gampaha,Gampaha,Cargills Food City - Ganemulla 2,Supermarket,POINT (79.9591774 7.0674077),Cargills Food City,
88611c8643fffff,Western,Colombo,Homagama,Cargills Food City - Godagama,Supermarket,POINT (80.0324018 6.8532373),Cargills Food City,
88611c8cd7fffff,Western,Gampaha,Gampaha,Cargills Food City - Ganemulla 1,Supermarket,POINT (79.9614018 7.0655234),Cargills Food City,
88611c8743fffff,Western,Colombo,Homagama,Cargills Food City Express- Artigala Junction,Grocery store,POINT (80.0598249 6.9061178),Cargills Food City,
88611c490dfffff,North Western,Kurunegala,Ambanpola,Cargills Foodcity express - Ambanpola,Supermarket,POINT (80.2398743 7.9184162),Cargills Food City,
8861004915fffff,Southern,Hambantota,Tangalle,Cargills EXpress Tangalle,Grocery store,POINT (80.7886337 6.0322449),Cargills Food City,
88611cb111fffff,Western,Colombo,Colombo,Cargills Food Hall & Supermarket - Colombo City Centre,Grocery store,POINT (79.8554352 6.9173305),Cargills Food City,
8861034a91fffff,Western,Kalutara,Panadura,Cargils Food City - Panadura 2,Grocery store,POINT (79.9078579 6.7086706),Cargills Food City,
8861034a97fffff,Western,Kalutara,Panadura,Cargils Food City (Express) - Panadura,Grocery store,POINT (79.9077933 6.7140148),Cargills Food City,
88610348a3fffff,Western,Colombo,Moratuwa,Cargils Food City - Moratumulla,Grocery store,POINT (79.8983935 6.7888113),Cargills Food City,
8861034249fffff,Western,Kalutara,Beruwala,"Cargills Express, Payagala",Supermarket,POINT (79.9788259 6.5279081),Cargills Food City,
88611cb1edfffff,Western,Colombo,Colombo,Cargills (Ceylon) PLC,Grocery store,POINT (79.8447204 6.9356673),Cargills Food City,
88610254d5fffff,Uva,Badulla,Haldummulla,Cargills Foodcity Express - Haldummulla,Supermarket,POINT (80.8880684 6.7628541),Cargills Food City,
886102546bfffff,Uva,Badulla,Haputale,Chandra Food City (With opposite parking),Grocery store,POINT (80.9602012 6.7688214),Cargills Food City,
886111a0d9fffff,Central,Kandy,Kundasale,Cargill's Food City - Pallekele,Supermarket,POINT (80.7197389 7.2828248),Cargills Food City,
88611c86edfffff,Western,Colombo,Kaduwela,Cargills food city - Athurugiriya 2,Supermarket,POINT (79.99184 6.8765848),Cargills Food City,
8861ad2a21fffff,Northern,Jaffna,Valikamam East (Kopay),Cargills Foodcity-Kopay,Grocery store,POINT (80.0695949 9.7046052),Cargills Food City,
88611cb101fffff,Western,Colombo,Thimbirigasyaya,Cargills Square Dematagoda,Grocery store,POINT (79.8781542 6.9286691),Cargills Food City,
88611c95c7fffff,Western,Colombo,Padukka,Cargills Foodcity Meepe,Supermarket,POINT (80.0909318 6.8585927),Cargills Food City,
88611cb159fffff,Western,Colombo,Thimbirigasyaya,Cargills FoodCity-Express,Grocery store,POINT (79.8767334 6.8931044),Cargills Food City,
88611c8727fffff,Western,Gampaha,Dompe,Cargils Food City,Grocery store,POINT (80.0550593 6.9500359),Cargills Food City,
88611c8eb9fffff,Western,Gampaha,Gampaha,Cargills Foodcity Express Kirillawala,Grocery store,POINT (79.9858935 7.031503),Cargills Food City,
88611c9591fffff,Western,Colombo,Homagama,"Cargills Foodcity Express - Watareka, Padukka",Grocery store,POINT (80.0642358 6.8563015),Cargills Food City,
88611cb107fffff,Western,Colombo,Colombo,Cargils Food City,Grocery store,POINT (79.8701326 6.9347358),Cargills Food City,
88611c85b3fffff,Western,Gampaha,Biyagama,Cargils Food City - Mahara,Supermarket,POINT (79.9375093 6.9936279),Cargills Food City,
88611cb311fffff,Western,Colombo,Dehiwala,Cargills food city express kalubowila,Grocery store,POINT (79.8786255 6.8631374),Cargills Food City,
88611cb061fffff,Western,Colombo,Thimbirigasyaya,Cargills Food Hall -Havelock City Mall,Grocery store,POINT (79.8681955 6.8825375),Cargills Food City,
88611cba4bfffff,Western,Gampaha,Kelaniya,Carills Food City Express Kelaniya,Grocery store,POINT (79.9180876 6.9532388),Cargills Food City,
88610224d3fffff,Western,Kalutara,Matugama,Cargills food city Mathugama 02,Grocery store,POINT (80.1170197 6.5217578),Cargills Food City,
88611cb317fffff,Western,Colombo,Thimbirigasyaya,Cargills-Kohuwala 2,Supermarket,POINT (79.8775078 6.8703684),Cargills Food City,
88611cb1edfffff,Western,Colombo,Colombo,Cargills Express- World Trade Centre,Grocery store,POINT (79.8437123 6.9325668),Cargills Food City,
88611130a3fffff,Central,Matale,Matale,Cargills food city Express - Madawala Ulpotha,Grocery store,POINT (80.6359272 7.6091153),Cargills Food City,
88611e518dfffff,Northern,Vavuniya,Vavuniya,Cargills Express,Supermarket,POINT (80.4976544 8.7627583),Cargills Food City,
886110b5c3fffff,Eastern,Batticaloa,Manmunai South & Eruvil Pattu,Cargills Food city - Kaluwanchikudy,Grocery store,POINT (81.7881123 7.5204698),Cargills Food City,
88611ccf27fffff,North Western,Kurunegala,Weerabugedara,Cargils Food City Express - Piduruwella,Supermarket,POINT (80.3040572 7.4676917),Cargills Food City,
88611ccf4dfffff,North Western,Kurunegala,Polgahawela,Cargills Express Foodcity,Supermarket,POINT (80.3293718 7.4220457),Cargills Food City,
88611c8ce5fffff,Western,Gampaha,Gampaha,Cargills Food Gampaha 03,Supermarket,POINT (79.9927281 7.0912581),Cargills Food City,
88611c8883fffff,Western,Gampaha,Attanagalla,Cagills Food City Express - Wathupitiwala,Supermarket,POINT (80.1107839 7.1257526),Cargills Food City,
88611c88b1fffff,Western,Gampaha,Attanagalla,Cargills Food Express Wathupitiwala,Supermarket,POINT (80.0974063 7.14291),Cargills Food City,
88611c161bfffff,Western,Gampaha,Katana,Cargills Kasagahawaththa,Grocery store,POINT (79.9153389 7.1184805),Cargills Food City,
8861ad2a21fffff,Northern,Jaffna,Valikamam East (Kopay),Cargill's food city express,Shopping mall,POINT (80.0692152 9.7045467),Cargills Food City,
8861027b57fffff,Central,Nuwara Eliya,Nuwara Eliya,Cargills Ground Shopping Mall,Shopping mall,POINT (80.7656506 6.9756863),Cargills Food City,
886103d193fffff,Southern,Galle,Baddegama,Cargills Foodcity Express - Baddegama,Supermarket,POINT (80.1796198 6.1652263),Cargills Food City,
886103d2c7fffff,Southern,Galle,Galle 4 Gravets,Galle cargils food city,Bakery,POINT (80.2209577 6.0535053),Cargills Food City,
886111a6a7fffff,Central,Kandy,Gangawata Korale,Cargills Food city Express - Galaha Road,Supermarket,POINT (80.5984933 7.2439855),Cargills Food City,
88611c0c01fffff,North Western,Puttalam,Mahawewa,Cargills Foodcity Express - Mahawewa,Grocery store,POINT (79.8259692 7.459056),Cargills Food City,
886111376bfffff,Central,Matale,Matale,Cargill's Food City Express - Palapathwela,Grocery store,POINT (80.6260748 7.5300546),Cargills Food City,
88611c96b7fffff,Western,Kalutara,Horana,"Cargills food city express, Moragahahena",Supermarket,POINT (80.0567971 6.7848747),Cargills Food City,
88610359cdfffff,Western,Kalutara,Madurawala,Cargils Food City Express - Ballapitiya,Grocery store,POINT (80.0759517 6.6898417),Cargills Food City,
88611cba6bfffff,Western,Gampaha,Kelaniya,Cargills FoodCity - Kiribathgoda 3,Supermarket,POINT (79.9231862 6.97651),Cargills Food City,
88611cb209fffff,Western,Colombo,Ratmalana,Cargills Express,Supermarket,POINT (79.8793307 6.8146699),Cargills Food City,
88611cb12bfffff,Western,Colombo,Colombo,Cargills Express - Orion City,Convenience store,POINT (79.8787537 6.9407539),Cargills Food City,
88611cb137fffff,Western,Colombo,Colombo,Cargills Xpress,Supermarket,POINT (79.8560288 6.947451),Cargills Food City,
8861034929fffff,Western,Colombo,Homagama,Cargills FoodCity Express - Katuwana,Supermarket,POINT (80.0037315 6.8318799),Cargills Food City,
88611c8459fffff,Western,Colombo,Kaduwela,Cargill's Food City Express,Grocery store,POINT (79.9923523 6.8925872),Cargills Food City,
88611c94b9fffff,Western,Colombo,Homagama,Cargills,Grocery store,POINT (80.0409087 6.8209992),Cargills Food City,
88611c80cbfffff,Western,Gampaha,Dompe,Cargills Foodcity Express - Giridara,Grocery store,POINT (80.0949102 6.9488001),Cargills Food City,
88611c8e69fffff,Western,Gampaha,Mahara,Cargills Food City Express -Wilimbula,Grocery store,POINT (80.0797158 7.0261954),Cargills Food City,
8861131631fffff,Eastern,Trincomalee,Town & Gravets,Riyan Food City - Trincomalee,Supermarket,POINT (81.21811419783556 8.58541389301312),Cargills Food City,
88611ea441ffff,North Western,Puttalam,Puttalam,Cargills Express,Grocery store,POINT (79.83029669680816 8.027766231578633),Cargills Food City,
